hook,unique_ad_count,forcekeys
Drive your new truck with zero down Drive your dream truck today!,2,forcekeyA:100 accepted 0 down options new f150 and ram trucks near me [at no cost] apply now | forcekeyB:find 100 accepted 0 down options new f150 and ram trucks near me [at no cost] apply now | forcekeyC:100 accepted 0 down options new f150 and ram trucks near me [at no cost] apply now near you | forcekeyD:get 100 accepted 0 down options new f150 and ram trucks near me [at no cost] apply now | forcekeyE:apply for 100 accepted 0 down options new f150 and ram trucks near me [at no cost] apply now
¬°Solo $249 al mes por vivienda para mayores!,14,forcekeyA:best senior living options for $249/mo | forcekeyB:senior living options for $249/mo | forcekeyC:find senior living options for $249/mo | forcekeyD:best senior living options for $249/month | forcekeyE:senior living options for $249/month
Juvederm treatments at surprisingly low prices Smooth out wrinkles and restore volume ‚Äî Juvederm treatments are more affordable than ever.,3,forcekeyA:juv√©derm clinics near me | forcekeyB:find juv√©derm clinics near me | forcekeyC:see juv√©derm clinics near me | forcekeyD:must-see juv√©derm clinics near me | forcekeyE:must see juv√©derm clinics near me
Get paid to learn ‚Äî start driving today Get paid while you train!,1,forcekeyA:pickup driver career | forcekeyB:find pickup driver career | forcekeyC:pickup driver career near you | forcekeyD:start pickup driver career | forcekeyE:apply for pickup driver career
Take back your independence today Regain your freedom with a Medicare-covered mobility scooter ‚Äî no out-of-pocket costs for those who qualify.,3,forcekeyA:applying for medicare-covered mobility scooters asap - 100 coverage | forcekeyB:apply for medicare-covered mobility scooters asap - 100 coverage | forcekeyC:find applying for medicare-covered mobility scooters asap - 100 coverage | forcekeyD:applying for medicare-covered mobility scooters asap - 100 coverage near you | forcekeyE:get applying for medicare-covered mobility scooters asap - 100 coverage
Grand Cherokee From $100/Month Don‚Äôt miss this: Grand Cherokee SUV deals starting at just $100/month‚Äîavailable now in your area.,13,forcekeyA:$100/month ‚Äê Grand Cherokee 2024 Suvs Nearby | forcekeyB:$100/month Grand Cherokee 2024 Suvs Nearby | forcekeyC:$100/month ‚Äê Grand Cherokee 2024 Suvs Near me | forcekeyD:$100/month ‚Äê Grand Cherokee 2024 Suv Nearby | forcekeyE:$100/month ‚Äê Grand Cherokee 2025 Suvs Nearby
Medications Linked to Atrial Fibrillation üíä New research reveals medications linked to atrial fibrillation‚Äîsee which drugs could increase your risk.,2,forcekeyA:paroxysmal atrial fibrillation anticoagulation | forcekeyB:atrial fibrillation medications | forcekeyC:anticoagulation in elderly patients with atrial fibrillation | forcekeyD:symptoms of atrial fibrillation in elderly | forcekeyE:early detection of atrial fibrillation
Talk to a Local Immigration Lawyer üåé Need immigration assistance?,3,forcekeyA:Immigration attorneys in Santa Monica | forcekeyB:Immigration attorney in California | forcekeyC:Find an immigration lawyer | forcekeyD:Get an immigration lawyer quickly | forcekeyE:Find immigration lawyer in my area
Internet desde $19 ¬°Tu c√≥digo postal califica!,29,forcekeyA:$19.99 Internet Providers in My Zip Code | forcekeyB:see $19.99 Internet Providers in My Zip Code | forcekeyC:find $19.99 Internet Providers in My Zip Code | forcekeyD:$19.99 Internet Provider in My Zip Code | forcekeyE:get $19.99 Internet Providers in My Zip Code
Instant Rogue Approval Want a Nissan Rogue?,14,forcekeyA:nearby rogue - zero down 100 accepted suvs | forcekeyB:find nearby rogue - zero down 100 accepted suvs | forcekeyC:get nearby rogue - zero down 100 accepted suvs | forcekeyD:see nearby rogue - zero down 100 accepted suvs | forcekeyE:nearby rogue - zero down 100 accepted suv
Tree Removal for Just $49 ‚Äì See If You Qualify!,144,forcekeyA:Tree Cutting Service for $49 Near My Zipcode | forcekeyB:Tree Cutting Services for $49 Near My Zipcode | forcekeyC:Tree Cutting Service Near My Zipcode for $49 | forcekeyD:Tree Cutting Services Near My Zipcode for $49 | forcekeyE:Tree Cutting Service for $49 Near Me | forcekeyA:tree cutting service for $49 near my [zip] | forcekeyB:tree cutting services for $49 near my [zip] | forcekeyC:tree cutting service near my [zip] for $49 | forcekeyD:tree cutting services near my [zip] for $49 | forcekeyE:tree cutting service for $49 near me | forcekeyA:tree cutting service for $49 near my zipcode | forcekeyB:tree cutting services for $49 near my zipcode | forcekeyC:tree cutting service near my zipcode for $49 | forcekeyD:tree cutting services near my zipcode for $49
Ram 2024 por $100/Mes La Dodge Ram 2024 est√° aqu√≠ por solo $100 al mes.,32,forcekeyA:$100/month - Dodge Ram 2024 Nearby | forcekeyB:$100/month - Dodge Ram 2024 Near Me | forcekeyC:$100/month Dodge Ram 2024 Nearby | forcekeyD:See $100/month - Dodge Ram 2024 Nearby | forcekeyE:Find $100/month - Dodge Ram 2024 Nearby
"$99 Laser Skin Rejuvenation Get fresh, rejuvenated skin with laser treatments.",36,forcekeyA:Laser skin rejuvenation [city] | forcekeyB:Laser skin rejuvenation in [city] | forcekeyC:Facial Laser Rejuvenation Treatment | forcekeyD:Face Rejuvenation Laser Treatment | forcekeyE:Facial Laser Treatment
$99 Laser Skin Rejuvenation Rejuvenate Your Skin!,1,forcekeyA:Laser skin rejuvenation [city] | forcekeyB:Laser skin rejuvenation in [city] | forcekeyC:Facial Laser Rejuvenation Treatment | forcekeyD:Face Rejuvenation Laser Treatment | forcekeyE:Facial Laser Treatment
"Budget-Friendly 55+ Apartments Revealed Discover hidden affordable apartment options designed for those 55+, with benefits you might not expect.",19,forcekeyA:55 and older apartments near me | forcekeyB:see 55 and older apartments near me | forcekeyC:find 55 and older apartments near me | forcekeyD:55 and older apartment near me | forcekeyE:discover 55 and older apartments near me
Comidas Gratis a Domicilio para Adultos Mayores ü•ó Los adultos mayores pueden calificar para recibir comidas nutritivas gratis directamente en su puerta‚Äîdescubre hoy si t√∫ o un ser,4,forcekeyA:home delivered meals for seniors no cost | forcekeyB:$0 meal delivery | forcekeyC:free home delivered meals for seniors near me | forcekeyD:free home delivered meals for seniors | forcekeyE:$0 meal delivery in [city]
Seniors: Get $10/Mo Internet üí∏ Internet for $10?,18,forcekeyA:$10 Internet Providers in My Zip Code | forcekeyB:find $10 Internet Providers in My Zip Code | forcekeyC:see $10 Internet Providers in My Zip Code | forcekeyD:$10 Internet Provider in My Zip Code | forcekeyE:get $10 Internet Providers in My Zip Code | forcekeyA:$10 internet providers in my zip code | forcekeyB:find $10 internet providers in my zip code | forcekeyC:see $10 internet providers in my zip code | forcekeyD:$10 internet provider in my zip code | forcekeyE:get $10 internet providers in my zip code
Dinero Gratis Para Ba√±os Desbloquea subvenciones secretas para renovar tu elegibilidad de verificaci√≥n de ba√±o ahora.,14,forcekeyA:bathroom remodel paid by grants [region] | forcekeyB:bathroom remodel paid by grants  | forcekeyC:get bathroom remodel paid by grants  | forcekeyD:find bathroom remodel paid by grants  | forcekeyE:bathroom remodel paid for by grants  | forcekeyB:bathroom remodel paid by grants | forcekeyC:get bathroom remodel paid by grants | forcekeyD:find bathroom remodel paid by grants | forcekeyE:bathroom remodel paid for by grants
Senior Living From $499/Month üè° üè° Discover 55+ senior living communities starting at just $499/month‚Äîaffordable comfort without compromise.,2,forcekeyA:$499/mo 55 and Older Apartments Near Me | forcekeyB:$499/mo Senior Living | forcekeyC:$499/mo 55 and Older Apartments in [city] | forcekeyD:$499/mo 55 and Older Apartments in [region] | forcekeyE:$499/mo 55  Apartments
{{product.,19,forcekeyA:Laser skin rejuvenation [city] | forcekeyB:Laser skin rejuvenation in [city] | forcekeyC:Facial Laser Rejuvenation Treatment | forcekeyD:Face Rejuvenation Laser Treatment | forcekeyE:Facial Laser Treatment | forcekeyA:$9 tree cutting service (near my zipcode) | forcekeyB:find $9 tree cutting service (near my zipcode) | forcekeyC:discover $9 tree cutting service (near my zipcode) | forcekeyD:$9 tree cutting service near me | forcekeyE:$9 tree cutting service nearby
Seniors Under 85 Can Own a GMC Sierra for Less Than $10K!,1,forcekeyA:gmc sierra 1500 clearance sale - see [region] prices | forcekeyB:see gmc sierra 1500 clearance sale - see [region] prices | forcekeyC:find gmc sierra 1500 clearance sale - see [region] prices | forcekeyD:must-see gmc sierra 1500 clearance sale - see [region] prices | forcekeyE:must see gmc sierra 1500 clearance sale - see [region]prices
Senior Living for $249!,42,forcekeyA:best senior living options for $249/mo | forcekeyB:senior living options for $249/mo | forcekeyC:find senior living options for $249/mo | forcekeyD:best senior living options for $249/month | forcekeyE:senior living options for $249/month
Tree Cutting From $9 Near You üå≥ Tree removal starting at just $9‚Äîsee if your ZIP qualifies today.,26,forcekeyA:$9 tree cutting service (near my zipcode) | forcekeyB:find $9 tree cutting service (near my zipcode) | forcekeyC:discover $9 tree cutting service (near my zipcode) | forcekeyD:$9 tree cutting service near me | forcekeyE:$9 tree cutting service nearby
Obt√©n dinero gratis para comprar una casa ¬øNecesitas una casa?,22,forcekeyA:Help me get a house | forcekeyB:Assist me in getting a house | forcekeyC:Help me get a house in {city} | forcekeyD:Help me get a house in 2025 | forcekeyE:Help me get a house in {region} by 2025
Seniors: Rent Starts Low Senior apartments for just $499/month?,10,forcekeyA:499/mo 55 and older apartments near me [state] | forcekeyB:499/mo 55 and older apartments nearby | forcekeyC:499/mo 55 and older apartments near me | forcekeyD:see 499/mo 55 and older apartments | forcekeyE:find 499/mo 55 and older apartments
"Laser Skin Rejuvenation Without Breaking Bank Get fresh, rejuvenated skin with laser treatments.",3,forcekeyA:Laser skin rejuvenation [city] | forcekeyB:Laser skin rejuvenation in [city] | forcekeyC:Facial Laser Rejuvenation Treatment | forcekeyD:Face Rejuvenation Laser Treatment | forcekeyE:Facial Laser Treatment
$10 Internet?,2,forcekeyA:affordable internet providers in my area | forcekeyB:$10 internet providers in my zip code | forcekeyC:see $10 internet in my zip code | forcekeyD:$10 internet for seniors in my zip code | forcekeyE:$10 internet providers in [city]
"Free Meals for Seniors Delivered ü•ó Seniors may qualify for free, nutritious meals delivered right to their doorstep‚Äîsee if you or a loved one are eligible today.",4,forcekeyA:home delivered meals for seniors no cost | forcekeyB:$0 meal delivery | forcekeyC:free home delivered meals for seniors near me | forcekeyD:free home delivered meals for seniors | forcekeyE:free home delivered meals for seniors in [city]
Internet desde $10 Proveedores de internet desde $10 ya disponibles en tu zona.,10,forcekeyA:$10 Internet Providers in My Zip Code | forcekeyB:find $10 Internet Providers in My Zip Code | forcekeyC:see $10 Internet Providers in My Zip Code | forcekeyD:$10 Internet Provider in My Zip Code | forcekeyE:get $10 Internet Providers in My Zip Code
"Botox for $149‚ÄîYes, Really!",4,forcekeyA:get $149 botox doctor near me full botox | forcekeyB:Botox full face for $149 near me | forcekeyC:find $149 botox doctor near me | forcekeyD:$149 full botox doctor in my area | forcekeyE:get $149 botox doctor near [region]
"GMC Sierra 1500 Desde Menos de $10,000 ¬øUna GMC Sierra 1500 por menos de $10,000?",8,forcekeyA:Find Gmc Sierra Clearance Sale - See [state] Prices | forcekeyB:Gmc Sierra Clearance Sale - See [state] Prices | forcekeyC:Must-see Gmc Sierra Clearance Sale - See [state] Prices | forcekeyD:Must See Gmc Sierra Clearance Sale - See [state] Prices | forcekeyE:Gmc Sierra Clearance Sale - See [state] Price
Botox completo solo $119 Luce radiante con Botox completo por solo $119‚Äîla belleza gana aqu√≠ https://nextanswers.,4,forcekeyA:Get $119 Botox Doctor Near Me Full Botox | forcekeyB:$119 Botox Doctor Near Me Full Botox | forcekeyC:Get $119 Botox Doctor Nearby Full Botox | forcekeyD:Get $119 Botox Doctor Near [city] Full Botox | forcekeyE:Get $119 Botox Doctor Near [region] Full Botox
Full Botox Treatment ‚Äî Only $119!,15,forcekeyA:Get $119 Botox Doctor Near Me Full Botox | forcekeyB:$119 Botox Doctor Near Me Full Botox | forcekeyC:Get $119 Botox Doctor Nearby Full Botox | forcekeyD:Get $119 Botox Doctor Near [city] Full Botox | forcekeyE:Get $119 Botox Doctor Near [region] Full Botox | forcekeyC:See $119 Botox Doctor Near Me Full Botox | forcekeyD:Find $119 Botox Doctor Near Me Full Botox | forcekeyE:Must-see $119 Botox Doctor Near Me Full Botox
$249/Month Senior Living!,18,forcekeyA:Senior Living Options for $249/month | forcekeyB:see Senior Living Options for $249/month | forcekeyC:find Senior Living Options for $249/month | forcekeyD:must see Senior Living Options for $249/month | forcekeyE:must-see Senior Living Options for $249/month
Capacitaci√≥n CDL gratuita y con pago.,8,forcekeyA:trucking companies that get you your cdl | forcekeyB:see trucking companies that get you your cdl | forcekeyC:find trucking companies that get you your cdl | forcekeyD:trucking companies that get you cdl | forcekeyE:discover trucking companies that get you your cdl
Free Cash for Bathrooms Unlock secret grants to remodel your bathroom‚Äîcheck eligibility now.,11,forcekeyA:bathroom remodel paid by grants [region] | forcekeyB:bathroom remodel paid by grants | forcekeyC:get bathroom remodel paid by grants | forcekeyD:find bathroom remodel paid by grants | forcekeyE:bathroom remodel paid for by grants
Presupuesto Implantes Dentales Cerca de Usted Cl√≠nicas cercanas que ofrecen implantes dentales desde solo $150.,10,
¬°Vivienda para mayores por $249!,6,forcekeyA:best senior living options for $249/mo | forcekeyB:senior living options for $249/mo | forcekeyC:find senior living options for $249/mo | forcekeyD:best senior living options for $249/month | forcekeyE:senior living options for $249/month
Internet from $19 Your ZIP code qualifies!,6,forcekeyA:$19.99 Internet Providers in My Zip Code | forcekeyB:see $19.99 Internet Providers in My Zip Code | forcekeyC:find $19.99 Internet Providers in My Zip Code | forcekeyD:$19.99 Internet Provider in My Zip Code | forcekeyE:get $19.99 Internet Providers in My Zip Code
Get Free Money To Buy A Home Need a house?,3,forcekeyA:Help me get a house | forcekeyB:Assist me in getting a house | forcekeyC:Help me get a house in {city} | forcekeyD:Help me get a house in 2025 | forcekeyE:Help me get a house in {region} by 2025