category,hook,count
UNKNOWN,Compra tu Casa con Dinero Gratis: Descubre CÃ³mo Â¿Quieres comprar una casa pero no tienes dinero?,8
UNKNOWN,Tree Removal for Just $49 â€“ See If You Qualify!,7
UNKNOWN,Botox completo solo $119 Luce radiante con Botox completo por solo $119â€”la belleza gana aquÃ­ everydaysolutions.,23
UNKNOWN,TelÃ©fonos Gratis para Adultos Mayores Celulares econÃ³micos y fÃ¡ciles de usar esperan por los adultos mayores.,31
UNKNOWN,Comunidades para adultos mayores que estÃ¡n dando de quÃ© hablar en 2025 Â¿EstÃ¡s pensando en mudarte?,4
UNKNOWN,ğŸ›» GMC Sierra Under $10k Deal!,3
UNKNOWN,Dinero Gratis Para Comprar Casa â€” Â¡Revisa AquÃ­!,11
UNKNOWN,Full Botox Treatment â€” Only $119!,14
UNKNOWN,ğŸš€ Govt-Funded LPN Training ğŸ“š Train as an Licensed Nurse Practitioner â€” 100% government-funded!,4
UNKNOWN,Botox completo solo $149 Obtener brillante con Botox completo en solo $ 149-belleza gana aquÃ­ ğŸ’‰ https://everydaysolutions.,4
UNKNOWN,Full Botox Only $119 Get glowing with full Botox at just $119â€”beauty wins here ğŸ’‰ everydaysolutions.,3
UNKNOWN,Everyday Solutions III Get glowing with full Botox at just $119â€”beauty wins here ğŸ’‰ everydaysolutions.,1
UNKNOWN,{{product.,4
UNKNOWN,ğŸ  Casas Sin Enganche Cerca de Ti Â¿SueÃ±as con tener casa propia pero te preocupa el enganche?,5
HOUSING,$249/Month Senior Living!,25
HOUSING,Rent Limited to 30 Percent ğŸ  Rent capped at just 30% of your income?,3
CREDIT,Low Cost Pet Insurance For Seniors ğŸ¾ ğŸ’¸ Love your furry friend?,4