competitor_id,param_keys,ad_count
000â€”no insurance,"000 for Doing Almost Nothing â€“ Sleep Apnea Trial Paying NOW! 
 Crazy fast cash! ðŸ’¸ Participate in sleep apnea clinical trials and pocket up to $4",9
" natural-looking teeth that never move or cause pain
ðŸ”¥ Stop feeling embarrassedâ€”own your smile and live without limits
ðŸ”¥ Take back your confidence"," and ruin your smile? Enough is enough!
ðŸ”¥ Get permanent",12
500 and gives all care,"500 + FREE Treatmentâ€”Join This Study TODAY! 
 Stop wasting money on meds and doctor visits ðŸ’¸. This study pays $1",7
 test new treatments,"000 Reward ðŸ’° 
 Researchers are looking for neuropathy trial participants right now. Get access to expert care",8