hook,forcekeyA,forcekeyB,forcekeyC,forcekeyD,forcekeyE,unique_ad_count
Compra tu Casa con Dinero Gratis: Descubre C√≥mo ¬øQuieres comprar una casa pero no tienes dinero?,Help me get a house,Assist me in getting a house,Help me get a house in {city},Help me get a house in 2025,Help me get a house in {region} by 2025,8
$249/Month Senior Living!,Senior Living Options for $249/month,see Senior Living Options for $249/month,find Senior Living Options for $249/month,must see Senior Living Options for $249/month,must-see Senior Living Options for $249/month,25
Tree Removal for Just $49 ‚Äì See If You Qualify!,tree cutting service for $49 near my zipcode,tree cutting services for $49 near my zipcode,tree cutting service near my zipcode for $49,tree cutting services near my zipcode for $49,tree cutting service for $49 near me,7
Botox completo solo $119 Luce radiante con Botox completo por solo $119‚Äîla belleza gana aqu√≠ everydaysolutions.,get $119 botox doctor near me full botox,$119 botox doctor near me full botox,get $119 botox doctor nearby full botox,Get $119 Botox Doctor Near [city] Full Botox,Get $119 Botox Doctor Near [region] Full Botox,12
Botox completo solo $119 Luce radiante con Botox completo por solo $119‚Äîla belleza gana aqu√≠ everydaysolutions.,Get $119 Botox Doctor Near Me Full Botox,$119 Botox Doctor Near Me Full Botox,Get $119 Botox Doctor Nearby Full Botox,Get $119 Botox Doctor Near [city] Full Botox,Get $119 Botox Doctor Near [region] Full Botox,11
Tel√©fonos Gratis para Adultos Mayores Celulares econ√≥micos y f√°ciles de usar esperan por los adultos mayores.,discounted senior phone plans,get discounted senior phone plans,discounted phones for seniors 60 and older,discounted phones for seniors 60,best discounted senior phone plans,39
Comunidades para adultos mayores que est√°n dando de qu√© hablar en 2025 ¬øEst√°s pensando en mudarte?,55 plus apartments,55 and older apartments,new 55 plus communities,55 plus new construction,homes for 55 and older,4
üõª GMC Sierra Under $10k Deal!,gmc sierra 1500 clearance sale - see [region] prices,see gmc sierra 1500 clearance sale - see [region] prices,find gmc sierra 1500 clearance sale - see [region] prices,gmc sierra 1500 clearance sales - see [region] prices,see gmc sierra 1500 clearance sales - see [region] prices,3
Dinero Gratis Para Comprar Casa ‚Äî ¬°Revisa Aqu√≠!,Assist Me in Getting a House,Help Me Get a House in [state] by 2025,Assist Me in Getting a House by 2025,Help Me Get a House in [state] in 2025,Assist Me in Getting a House in 2025,11
Full Botox Treatment ‚Äî Only $119!,get $119 botox doctor near me full botox,$119 botox doctor near me full botox,see $119 botox doctor near me full botox,find $119 botox doctor near me full botox,must-see $119 botox doctor near me full botox,14
üöÄ Govt-Funded LPN Training üìö Train as an Licensed Nurse Practitioner ‚Äî 100% government-funded!,3 weeks lpn online course {region_code} approved,become an lpn in 3 weeks {region_code} approved,government-funded lpn education,3 weeks lpn online course {city} approved,become an lpn in 3 weeks {city} approved,4
Botox completo solo $149 Obtener brillante con Botox completo en solo $ 149-belleza gana aqu√≠ üíâ https://everydaysolutions.,Get $149 Botox Doctor Near Me Full Botox,$149 Botox Doctor Near Me Full Botox,Get $149 Botox Doctor Nearby Full Botox,Get $149 Botox Doctor Near [city] Full Botox,Get $149 Botox Doctor Near [region] Full Botox,4
Full Botox Only $119 Get glowing with full Botox at just $119‚Äîbeauty wins here üíâ everydaysolutions.,Get $119 Botox Doctor Near Me Full Botox,$119 Botox Doctor Near Me Full Botox,Get $119 Botox Doctor Nearby Full Botox,Get $119 Botox Doctor Near [city] Full Botox,Get $119 Botox Doctor Near [region] Full Botox,3
Everyday Solutions III Get glowing with full Botox at just $119‚Äîbeauty wins here üíâ everydaysolutions.,Get $119 Botox Doctor Near Me Full Botox,$119 Botox Doctor Near Me Full Botox,Get $119 Botox Doctor Nearby Full Botox,Get $119 Botox Doctor Near [city] Full Botox,Get $119 Botox Doctor Near [region] Full Botox,2
{{product.,Get $119 Botox Doctor Near Me Full Botox,$119 Botox Doctor Near Me Full Botox,Get $119 Botox Doctor Nearby Full Botox,Get $119 Botox Doctor Near [city] Full Botox,Get $119 Botox Doctor Near [region] Full Botox,4
Rent Limited to 30 Percent üè† Rent capped at just 30% of your income?,55 and older apartments near me,see 55 and older apartments near me,find 55 and older apartments near me,55 and older apartment near me,discover 55 and older apartments near me,3
Low Cost Pet Insurance For Seniors üêæ üí∏ Love your furry friend?,pet insurance quotes,pet insurance quotes ($10/month),pet insurance for dogs ($10/month),pet insurance for dogs,2024 pet insurance quotes ($10/month),8
üè† Casas Sin Enganche Cerca de Ti ¬øSue√±as con tener casa propia pero te preocupa el enganche?,i want to buy a house with no money,i want to buy a home with no money,how to buy a house with no money,discover how to buy a house with no money,see how to buy a house with no money,5
$299 LASIK Near You üëì Just found $299 LASIK in my area‚Äîclear vision doesn‚Äôt have to cost thousands!,$299 laser eye surgery near me,see $299 laser eye surgery near me,find $299 laser eye surgery near me,discover $299 laser eye surgery near me,$299 laser eye surgery,4
Google Phone Now $0?,Order New Phone 5g ($0 Google Pixel Pro Fold),Order New Phone and Plan ($0 New Smartphone),Order $0 New Phone 5g (Google Pixel Pro Fold),Order New Smartphone 5g ($0 Google Pixel Pro Fold),Order New Smartphone and Plan ($0 New Phone),6
Get Your Permanent Dental Implants NOW ‚Äì 100% FREE!,,,,,,26
üëâ Check If You Qualify for Free Fat Removal Today!,,,,,,2
"$4,000 for Doing Almost Nothing ‚Äì Sleep Apnea Trial Paying NOW!",,,,,,11
Affordable Botox Treatments Smooth your look without overspending.,,,,,,3
"Earn $1,500 + FREE Treatment‚ÄîJoin This Study TODAY!",,,,,,7
üíâ Botox From $3/Unit ‚Äì Limited-Time Offer!,,,,,,5
üí• FREE Dental Implants + Cash ‚Äî See If You Qualify NOW!,,,,,,7
"Neuropathy Patients Wanted ‚Äì $3,000 Reward üí∞ Researchers are looking for neuropathy trial participants right now.",,,,,,3