phrase,page_ids,unique_page_count,matched_forcekeys
Help Me Get a House by 2025,593450633843471,1,forcekeyA:Help me get a house
Help Me Get a House in California,593450633843471,1,forcekeyA:Help me get a house
Help Me Get a House in los Angeles,593450633843471,1,forcekeyA:Help me get a house
Assist Me in Getting a House in los Angeles,593450633843471,1,forcekeyB:Assist me in getting a house
Help Me Get a House,593450633843471,1,forcekeyA:Help me get a house
Help Me Get a House in California by 2025,593450633843471,1,forcekeyA:Help me get a house
Help Me Get a House in 2025,593450633843471,1,forcekeyA:Help me get a house|forcekeyD:Help me get a house in 2025
Assist Me in Getting a House,593450633843471,1,forcekeyA:Assist Me in Getting a House|forcekeyB:Assist me in getting a house
Must-see Senior Living Options for $249/month,593450633843471,1,forcekeyA:Senior Living Options for $249/month|forcekeyB:see Senior Living Options for $249/month|forcekeyE:must-see Senior Living Options for $249/month
See Senior Living Options for $249/month,593450633843471,1,forcekeyA:Senior Living Options for $249/month|forcekeyB:see Senior Living Options for $249/month
Find Senior Living Options for $249/month,593450633843471,1,forcekeyA:Senior Living Options for $249/month|forcekeyC:find Senior Living Options for $249/month
Senior Living Options for $249/month,593450633843471,1,forcekeyA:Senior Living Options for $249/month
Must See Senior Living Options for $249/month,593450633843471,1,forcekeyA:Senior Living Options for $249/month|forcekeyB:see Senior Living Options for $249/month|forcekeyD:must see Senior Living Options for $249/month
Tree Cutting Service for $49 Near Me,593450633843471,1,forcekeyE:tree cutting service for $49 near me
Tree Cutting Service Near My Zipcode for $49,593450633843471,1,forcekeyC:tree cutting service near my zipcode for $49
Tree Cutting Services for $49 Near My Zipcode,593450633843471,1,forcekeyB:tree cutting services for $49 near my zipcode
Tree Cutting Services Near My Zipcode for $49,593450633843471,1,forcekeyD:tree cutting services near my zipcode for $49
Tree Cutting Service for $49 Near My Zipcode,593450633843471,1,forcekeyA:tree cutting service for $49 near my zipcode
Best Get $119 Botox Doctor Near Me Full Botox,593450633843471,1,forcekeyA:Get $119 Botox Doctor Near Me Full Botox|forcekeyA:get $119 botox doctor near me full botox|forcekeyB:$119 Botox Doctor Near Me Full Botox|forcekeyB:$119 botox doctor near me full botox
Get $119 Botox Doctor Near Me Full Botox October 2025,593450633843471,1,forcekeyA:Get $119 Botox Doctor Near Me Full Botox|forcekeyA:get $119 botox doctor near me full botox|forcekeyB:$119 Botox Doctor Near Me Full Botox|forcekeyB:$119 botox doctor near me full botox
Get $119 Botox Doctor Near Me Full Botox,593450633843471,1,forcekeyA:Get $119 Botox Doctor Near Me Full Botox|forcekeyA:get $119 botox doctor near me full botox|forcekeyB:$119 Botox Doctor Near Me Full Botox|forcekeyB:$119 botox doctor near me full botox
Find $119 Botox Doctor Near Me Full Botox,593450633843471,1,forcekeyB:$119 Botox Doctor Near Me Full Botox|forcekeyB:$119 botox doctor near me full botox|forcekeyD:find $119 botox doctor near me full botox
Get $119 Botox Doctor Nearby Full Botox,593450633843471,1,forcekeyC:Get $119 Botox Doctor Nearby Full Botox|forcekeyC:get $119 botox doctor nearby full botox
$119 Botox Doctor Near Me Full Botox,593450633843471,1,forcekeyB:$119 Botox Doctor Near Me Full Botox|forcekeyB:$119 botox doctor near me full botox
See $119 Botox Doctor Near Me Full Botox,593450633843471,1,forcekeyB:$119 Botox Doctor Near Me Full Botox|forcekeyB:$119 botox doctor near me full botox|forcekeyC:see $119 botox doctor near me full botox
Discounted Phones for Seniors 60,593450633843471,1,forcekeyD:discounted phones for seniors 60
Discounted Phones for Seniors 60 and Older,593450633843471,1,forcekeyC:discounted phones for seniors 60 and older|forcekeyD:discounted phones for seniors 60
Get Discounted Senior Phone Plans,593450633843471,1,forcekeyA:discounted senior phone plans|forcekeyB:get discounted senior phone plans
Best Discounted Senior Phone Plans,593450633843471,1,forcekeyA:discounted senior phone plans|forcekeyE:best discounted senior phone plans
Discounted Senior Phone Plans,593450633843471,1,forcekeyA:discounted senior phone plans
Discounted Phones for Seniors 60 and Older Near Me,593450633843471,1,forcekeyC:discounted phones for seniors 60 and older|forcekeyD:discounted phones for seniors 60
Best Discounted Phones for Seniors 60 and Older,593450633843471,1,forcekeyC:discounted phones for seniors 60 and older|forcekeyD:discounted phones for seniors 60
Discounted Phones for Seniors 60 and Older October 2025,593450633843471,1,forcekeyC:discounted phones for seniors 60 and older|forcekeyD:discounted phones for seniors 60
Assist Me in Getting a House by 2025,593450633843471,1,forcekeyA:Assist Me in Getting a House|forcekeyC:Assist Me in Getting a House by 2025
Assist Me in Getting a House in 2025,593450633843471,1,forcekeyA:Assist Me in Getting a House|forcekeyE:Assist Me in Getting a House in 2025
Must-see $119 Botox Doctor Near Me Full Botox,593450633843471,1,forcekeyB:$119 botox doctor near me full botox|forcekeyC:see $119 botox doctor near me full botox|forcekeyE:must-see $119 botox doctor near me full botox
Government-funded Lpn Education,593450633843471,1,forcekeyC:government-funded lpn education
Best $149 Botox Doctor Near Me Full Botox,593450633843471,1,forcekeyB:$149 Botox Doctor Near Me Full Botox
Get $149 Botox Doctor Near Me Full Botox October 2025,593450633843471,1,forcekeyA:Get $149 Botox Doctor Near Me Full Botox|forcekeyB:$149 Botox Doctor Near Me Full Botox
Get $149 Botox Doctor Near Me Full Botox,593450633843471,1,forcekeyA:Get $149 Botox Doctor Near Me Full Botox|forcekeyB:$149 Botox Doctor Near Me Full Botox
Best 55 and Older Apartments Near Me,593450633843471,1,forcekeyA:55 and older apartments near me
55 and Older Apartments Near Me,593450633843471,1,forcekeyA:55 and older apartments near me
55 and Older Apartment Near Me,593450633843471,1,forcekeyD:55 and older apartment near me
55 and Older Apartments Near Me October 2025,593450633843471,1,forcekeyA:55 and older apartments near me
Verified Pet Insurance Quotes ($10/month),593450633843471,1,forcekeyA:pet insurance quotes|forcekeyB:pet insurance quotes ($10/month)
Pet Insurance Quotes ($10/month) [search Now],593450633843471,1,forcekeyA:pet insurance quotes|forcekeyB:pet insurance quotes ($10/month)
Pet Insurance Quotes ($10/month) Near Me,593450633843471,1,forcekeyA:pet insurance quotes|forcekeyB:pet insurance quotes ($10/month)
Pet Insurance Quotes ($10/month),593450633843471,1,forcekeyA:pet insurance quotes|forcekeyB:pet insurance quotes ($10/month)
Pet Insurance Quotes ($10/month) in los Angeles,593450633843471,1,forcekeyA:pet insurance quotes|forcekeyB:pet insurance quotes ($10/month)
Pet Insurance Quotes los Angeles,593450633843471,1,forcekeyA:pet insurance quotes
I Want to Buy a Home with no Money,593450633843471,1,forcekeyB:i want to buy a home with no money
See how to Buy a House with no Money,593450633843471,1,forcekeyC:how to buy a house with no money|forcekeyE:see how to buy a house with no money
How to Buy a House with no Money,593450633843471,1,forcekeyC:how to buy a house with no money
I Want to Buy a House with no Money,593450633843471,1,forcekeyA:i want to buy a house with no money
Discover $299 Laser Eye Surgery Near Me,593450633843471,1,forcekeyA:$299 laser eye surgery near me|forcekeyD:discover $299 laser eye surgery near me|forcekeyE:$299 laser eye surgery
$299 Laser Eye Surgery,593450633843471,1,forcekeyE:$299 laser eye surgery
Find $299 Laser Eye Surgery Near Me,593450633843471,1,forcekeyA:$299 laser eye surgery near me|forcekeyC:find $299 laser eye surgery near me|forcekeyE:$299 laser eye surgery
See $299 Laser Eye Surgery Near Me,593450633843471,1,forcekeyA:$299 laser eye surgery near me|forcekeyB:see $299 laser eye surgery near me|forcekeyE:$299 laser eye surgery
$299 Laser Eye Surgery Near Me,593450633843471,1,forcekeyA:$299 laser eye surgery near me|forcekeyE:$299 laser eye surgery
Pet Insurance for Dogs ($10/month),593450633843471,1,forcekeyC:pet insurance for dogs ($10/month)|forcekeyD:pet insurance for dogs
Order New Smartphone 5g ($0 Google Pixel Pro Fold),593450633843471,1,forcekeyD:Order New Smartphone 5g ($0 Google Pixel Pro Fold)
Order $0 New Phone 5g (google Pixel Pro Fold),593450633843471,1,forcekeyC:Order $0 New Phone 5g (Google Pixel Pro Fold)
Order New Phone 5g ($0 Google Pixel Pro Fold),593450633843471,1,forcekeyA:Order New Phone 5g ($0 Google Pixel Pro Fold)
Order New Smartphone and Plan ($0 New Phone),593450633843471,1,forcekeyE:Order New Smartphone and Plan ($0 New Phone)
Order New Phone and Plan ($0 New Smartphone),593450633843471,1,forcekeyB:Order New Phone and Plan ($0 New Smartphone)