hook,unique_ad_count
Compra tu Casa con Dinero Gratis: Descubre CÃ³mo Â¿Quieres comprar una casa pero no tienes dinero?,4
$249/Month Senior Living!,3
Tree Removal for Just $49 â€“ See If You Qualify!,3
Botox completo solo $119 Luce radiante con Botox completo por solo $119â€”la belleza gana aquÃ­ everydaysolutions.,16
TelÃ©fonos Gratis para Adultos Mayores Celulares econÃ³micos y fÃ¡ciles de usar esperan por los adultos mayores.,8
Viviendas para Adultos Mayores Desde $499/mes ğŸ¡ ğŸ¡ Descubre comunidades para mayores de 55 aÃ±os desde solo $499 al mesâ€”comodidad asequible sin compromisos.,3
Seniors: Get $10/Mo Internet ğŸ’¸ Internet for $10?,2
Senior Living From $499/Month ğŸ¡ ğŸ¡ Discover 55+ senior living communities starting at just $499/monthâ€”affordable comfort without compromise.,3
Drive your new truck with zero down Drive your dream truck today!,2
Â¡Solo $249 al mes por vivienda para mayores!,2
Juvederm treatments at surprisingly low prices Smooth out wrinkles and restore volume â€” Juvederm treatments are more affordable than ever.,3
Get paid to learn â€” start driving today Get paid while you train!,1
Take back your independence today Regain your freedom with a Medicare-covered mobility scooter â€” no out-of-pocket costs for those who qualify.,3
Grand Cherokee From $100/Month Donâ€™t miss this: Grand Cherokee SUV deals starting at just $100/monthâ€”available now in your area.,3
Medications Linked to Atrial Fibrillation ğŸ’Š New research reveals medications linked to atrial fibrillationâ€”see which drugs could increase your risk.,2
Talk to a Local Immigration Lawyer ğŸŒ Need immigration assistance?,2
Get Your Permanent Dental Implants NOW â€“ 100% FREE!,26
ğŸ‘‰ Check If You Qualify for Free Fat Removal Today!,2
"$4,000 for Doing Almost Nothing â€“ Sleep Apnea Trial Paying NOW!",11
Affordable Botox Treatments Smooth your look without overspending.,3
"Earn $1,500 + FREE Treatmentâ€”Join This Study TODAY!",7
ğŸ’‰ Botox From $3/Unit â€“ Limited-Time Offer!,5
ğŸ’¥ FREE Dental Implants + Cash â€” See If You Qualify NOW!,7
"Neuropathy Patients Wanted â€“ $3,000 Reward ğŸ’° Researchers are looking for neuropathy trial participants right now.",3